<?xml version="1.0" encoding="UTF-8" ?>
<!DOCTYPE mapper
        PUBLIC "-//mybatis.org//DTD Mapper 3.0//EN"
        "http://mybatis.org/dtd/mybatis-3-mapper.dtd">
<mapper namespace="com.itany.dichat.dao.UserDefineDao">
    <sql id="defineColumn">

        name,
        userid,
        birthday,
        tel,
        email,
        instructions,
        headPortrait,
        isFristLogin

    </sql>
    <insert id="add" parameterType="UserDefine">
    insert into UserDefine(userid, create_at, name, birthday, tel, email,headPortrait)
    values(#{userid},#{create_at},#{name},#{birthday},#{tel},#{email},#{headPortrait})
  </insert>

    <select id="selectByUserid" resultType="UserDefine">
        select <include refid="defineColumn"/>
        from UserDefine
        where userid=#{userid}
    </select>
    <update id="setIsNotFirstLogin">
        update UserDefine
        set isFristLogin=1
        where userid=#{userid}
    </update>
    <update id="updateDefineInfo">
        update UserDefine
        <set>
            <if test='name != null'>
                name=#{name},
            </if>
            <if test='email != null'>
                email=#{email},
            </if>
            <if test='birthday != null'>
                birthday=#{birthday},
            </if>
            <if test='instructions != null'>
                instructions=#{instructions},
            </if>
            <if test='tel != null'>
                tel=#{tel},
            </if>
        </set>

        where userid=#{userid}
    </update>

</mapper>