<?xml version="1.0" encoding="UTF-8" ?>
<!DOCTYPE mapper
        PUBLIC "-//mybatis.org//DTD Mapper 3.0//EN"
        "http://mybatis.org/dtd/mybatis-3-mapper.dtd">
<mapper namespace="com.itany.dichat.dao.UserAddMsgDao">
    <sql id="AddMsgColumn">
      id,
      byUserid,
      toUserid,
      msg,
      status,
      disagreeMsg,
      create_at,
      update_at
    </sql>


    <select id="selectAddMsgByToAndFrom" resultType="UserAddMsg">
        select <include refid="AddMsgColumn"/>
        from UserAddMsg
        where byUserid=#{byUserid} AND toUserid=#{toUserid}
        ORDER BY id DESC
        LIMIT 1
    </select>
    <select id="selectAddMsgByUserid" resultType="AddMsgList">
        select a.byUserid,u.headPortrait,u.name,a.create_at,a.id,a.status,a.msg
        from UserAddMsg a
          left join UserDefine u
          on a.byUserid=u.userid
        where a.toUserid=#{userid}
        ORDER BY a.update_at ASC,a.id DESC
    </select>
    <insert id="addFriendByFriendUserid" parameterType="UserAddMsg">
    insert into UserAddMsg(byUserid, toUserid, msg, status, create_at)
    values(#{byUserid},#{toUserid},#{msg},0,#{create_at})
  </insert>
    <select id="selectAddMsgById" resultType="UserAddMsg">
        select <include refid="AddMsgColumn"/>
        from UserAddMsg
        where id=#{id}
        ORDER BY id DESC
        LIMIT 1
    </select>

    <update id="updateStatusbyId">
        update UserAddMsg
        <set>
            status=#{status},update_at=#{update_at},
            <if test='disagreeMsg != null'>disagreeMsg=#{disagreeMsg},</if>
        </set>
        where id=#{id}
    </update>
    <update id="updateStatusByToAndFrom">
        update UserAddMsg
        <set>
            status=#{status},update_at=#{update_at}
        </set>
        where byUserid=#{byUserid} AND toUserid=#{toUserid}
    </update>
</mapper>